# For `EXPLAIN`

query T
EXPLAIN CREATE TABLE foo;
----
CreateTableExec

# TODO: pass this test
#
# query T
# EXPLAIN DESCRIBE foo;
# ----
# DescribeTableExec

query
CREATE TABLE students (name STRING, age INT64);
----

query T
EXPLAIN INSERT INTO students VALUES ('steve', 1);
----
InsertExec

query T
EXPLAIN SHOW TABLES;
----
ShowTablesExec

query T
EXPLAIN SELECT * FROM students;
----
TableScanExec

query T
EXPLAIN SELECT * FROM students WHERE name = 'steve';
----
FilterExec
TableScanExec


query T
SHOW TABLES;
----
students

query
CREATE TABLE take (name STRING, score FLOAT64);
----

query
CREATE TABLE take (name STRING, score FLOAT64);
----
Table with name 'take' already exists

query T
SHOW TABLES;
----
students
take

query T
DESCRIBE students;
----
name STRING YES YES
age INT64 YES NO

query T
DESCRIBE a_table_that_does_not_exist;
----
Table with name 'a_table_that_does_not_exist' does not exist

query
INSERT INTO students VALUES ('steve', 1);
----

query T
INSERT INTO a_table_that_does_not_exist VALUES ('steve', 1);
----
Table with name 'a_table_that_does_not_exist' does not exist

query T
INSERT INTO students VALUES (1);
----
table students has 2 columns but 1 columns were supplied

query T
INSERT INTO students VALUES (1, 1);
----
the data type of 0th column of table students should be STRING but found INT64

query TI
select * from students;
----
steve 1

query T
select * from a_table_that_does_not_exist;
----
Table with name 'a_table_that_does_not_exist' does not exist

query
INSERT INTO students VALUES ('mike', 2);
----

query TI
SELECT * FROM students;
----
mike 2
steve 1

query TI
SELECT * FROM students WHERE name = 'steve';
----
steve 1

query TI
SELECT * FROM students WHERE age > 1;
----
mike 2

query
SELECT * FROM students WHERE age < 1 AND name = 'steve';
----

query TI
SELECT * FROM students WHERE name = 'steve' OR age = 2;
----
mike 2
steve 1
